company,site,email
Burger Opleidingen Trainingen & Advies,https://burger-ota.nl/privacyverklaring,burgeropleidingen@gmail.com
Burger Opleidingen Trainingen & Advies,https://burger-ota.nl/privacyverklaring,burgeropleidingen@gmail.com
Burger Opleidingen Trainingen & Advies,https://burger-ota.nl/privacyverklaring,burgeropleidingen@gmail.com
Burger Opleidingen Trainingen & Advies,https://burger-ota.nl/privacyverklaring,info@burger-ota.nl
Burger Opleidingen Trainingen & Advies,https://burger-ota.nl/contact,info@burger-ota.nl
Burger Opleidingen Trainingen & Advies,https://burger-ota.nl/contact/privacyverklaring,burgeropleidingen@gmail.com
Burger Opleidingen Trainingen & Advies,https://burger-ota.nl/contact/privacyverklaring,burgeropleidingen@gmail.com
Burger Opleidingen Trainingen & Advies,https://burger-ota.nl/contact/privacyverklaring,burgeropleidingen@gmail.com
Burger Opleidingen Trainingen & Advies,https://burger-ota.nl/contact/privacyverklaring,info@burger-ota.nl
Burger Opleidingen Trainingen & Advies,https://burger-ota.nl/cursussen-trainingen-incompany/privacyverklaring,burgeropleidingen@gmail.com
Burger Opleidingen Trainingen & Advies,https://burger-ota.nl/cursussen-trainingen-incompany/privacyverklaring,burgeropleidingen@gmail.com
Burger Opleidingen Trainingen & Advies,https://burger-ota.nl/cursussen-trainingen-incompany/privacyverklaring,burgeropleidingen@gmail.com
Burger Opleidingen Trainingen & Advies,https://burger-ota.nl/cursussen-trainingen-incompany/privacyverklaring,info@burger-ota.nl
Burger Opleidingen Trainingen & Advies,https://burger-ota.nl/contact/contact,info@burger-ota.nl
Burger Opleidingen Trainingen & Advies,https://burger-ota.nl/qhse-management/privacyverklaring,burgeropleidingen@gmail.com
Burger Opleidingen Trainingen & Advies,https://burger-ota.nl/qhse-management/privacyverklaring,burgeropleidingen@gmail.com
Burger Opleidingen Trainingen & Advies,https://burger-ota.nl/qhse-management/privacyverklaring,burgeropleidingen@gmail.com
Burger Opleidingen Trainingen & Advies,https://burger-ota.nl/qhse-management/privacyverklaring,info@burger-ota.nl
Burger Opleidingen Trainingen & Advies,https://burger-ota.nl/privacyverklaring/privacyverklaring,burgeropleidingen@gmail.com
Burger Opleidingen Trainingen & Advies,https://burger-ota.nl/privacyverklaring/privacyverklaring,burgeropleidingen@gmail.com
Burger Opleidingen Trainingen & Advies,https://burger-ota.nl/privacyverklaring/privacyverklaring,burgeropleidingen@gmail.com
Burger Opleidingen Trainingen & Advies,https://burger-ota.nl/privacyverklaring/privacyverklaring,info@burger-ota.nl
Burger Opleidingen Trainingen & Advies,https://burger-ota.nl/algemene-voorwaarden/contact,info@burger-ota.nl
Burger Opleidingen Trainingen & Advies,https://burger-ota.nl/eerste-hulp-bij-werken-met-kinderen-ikk/privacyverklaring,burgeropleidingen@gmail.com
Burger Opleidingen Trainingen & Advies,https://burger-ota.nl/eerste-hulp-bij-werken-met-kinderen-ikk/privacyverklaring,burgeropleidingen@gmail.com
Burger Opleidingen Trainingen & Advies,https://burger-ota.nl/eerste-hulp-bij-werken-met-kinderen-ikk/privacyverklaring,burgeropleidingen@gmail.com
Burger Opleidingen Trainingen & Advies,https://burger-ota.nl/eerste-hulp-bij-werken-met-kinderen-ikk/privacyverklaring,info@burger-ota.nl
Burger Opleidingen Trainingen & Advies,https://burger-ota.nl/eerste-hulp-bij-werken-met-kinderen-ikk/contact,info@burger-ota.nl
Burger Opleidingen Trainingen & Advies,https://burger-ota.nl/algemene-voorwaarden/privacyverklaring,burgeropleidingen@gmail.com
Burger Opleidingen Trainingen & Advies,https://burger-ota.nl/algemene-voorwaarden/privacyverklaring,burgeropleidingen@gmail.com
Burger Opleidingen Trainingen & Advies,https://burger-ota.nl/algemene-voorwaarden/privacyverklaring,burgeropleidingen@gmail.com
Burger Opleidingen Trainingen & Advies,https://burger-ota.nl/algemene-voorwaarden/privacyverklaring,info@burger-ota.nl
Burger Opleidingen Trainingen & Advies,https://burger-ota.nl/privacyverklaring/contact,info@burger-ota.nl
Burger Opleidingen Trainingen & Advies,https://burger-ota.nl/cursussen-trainingen-incompany/contact,info@burger-ota.nl
Burger Opleidingen Trainingen & Advies,https://burger-ota.nl/qhse-management/contact,info@burger-ota.nl
Burger Opleidingen Trainingen & Advies,https://burger-ota.nl/privacyverklaring,burgeropleidingen@gmail.com
Burger Opleidingen Trainingen & Advies,https://burger-ota.nl/privacyverklaring,burgeropleidingen@gmail.com
Burger Opleidingen Trainingen & Advies,https://burger-ota.nl/privacyverklaring,burgeropleidingen@gmail.com
Burger Opleidingen Trainingen & Advies,https://burger-ota.nl/privacyverklaring,info@burger-ota.nl
Burger Opleidingen Trainingen & Advies,https://burger-ota.nl/contact,info@burger-ota.nl
Burger Opleidingen Trainingen & Advies,https://burger-ota.nl/privacyverklaring,burgeropleidingen@gmail.com
Burger Opleidingen Trainingen & Advies,https://burger-ota.nl/privacyverklaring,burgeropleidingen@gmail.com
Burger Opleidingen Trainingen & Advies,https://burger-ota.nl/privacyverklaring,burgeropleidingen@gmail.com
Burger Opleidingen Trainingen & Advies,https://burger-ota.nl/privacyverklaring,info@burger-ota.nl
Burger Opleidingen Trainingen & Advies,https://burger-ota.nl/contact,info@burger-ota.nl
